x,y,z,uuid,type,alive,display_name,custom_name
-183.2499582826704,64.0,379.79046135383015,c585a212-932e-4a53-805d-5e246970b69d,minecraft:pig,true,Pig,[null]
-181.78723104184317,63.0,399.5197240409541,bfcf2668-67db-4a7c-b6ef-1829b533f495,minecraft:pig,true,Pig,[null]
-166.5,8.0625,236.5,d27d89be-5a42-4bb0-9d76-075a14ce4fbb,minecraft:chest_minecart,true,Minecart with Chest,[null]
-172.36771669564652,65.0,387.49472448239925,4db52bc7-65f7-42f2-bfd7-afc8a806c89e,minecraft:pig,true,Pig,[null]
-183.47454162623097,67.0,394.9079048935435,d2feff61-8157-4a97-8a3d-aca26fbd9ee8,minecraft:pig,true,Pig,[null]
-68.90105388446209,64.0,361.0989461379106,2406dbe2-1790-42a6-b2f2-869ea04054e7,minecraft:turtle,true,Turtle,[null]
-66.9008701122673,64.0,359.09263880835806,dea2b66a-5d86-4811-9702-f73a8beae0f3,minecraft:turtle,true,Turtle,[null]
-60.42638901503664,64.0,368.88408199966426,0fa8e73b-6d80-4bb5-bb98-e31bac3f9c8f,minecraft:horse,true,Horse,[null]
-54.02093776137736,63.0,362.3691309525735,14caac5c-d579-4e85-be98-1574bb95481d,minecraft:turtle,true,Turtle,[null]
-54.0835410148534,63.0,363.93772905956155,959a4760-3ef7-48ca-a4e9-725908d9e9fe,minecraft:turtle,true,Turtle,[null]
-55.06408006296161,63.0,355.0887046119415,bd5af6e1-e53c-47a2-b7fd-b93bbb5a0e5b,minecraft:turtle,true,Turtle,[null]
-50.06917620690609,63.0,376.4656353164921,c63fd718-1516-4214-abd4-f0f1c8ac576c,minecraft:turtle,true,Turtle,[null]
-59.00509199770998,63.0,230.07293836148187,4bfad403-7c09-4532-b96d-923f95dc5889,minecraft:turtle,true,Turtle,[null]
-54.543406348914246,64.0,227.42198982644584,0a09a2cd-151f-44ea-98a1-abaf6ca27ac9,minecraft:turtle,true,Turtle,[null]
-46.50075141563178,63.0,242.41689095917886,a74a1924-47d5-48c3-8741-3b88b50a21e5,minecraft:turtle,true,Turtle,[null]
-46.44012045052103,63.0,244.4520904122807,47a8896d-ecad-47f0-8969-fa7529cc55a7,minecraft:turtle,true,Turtle,[null]
-40.18457701397818,63.0,379.0934503769328,f25b0bbd-f60c-4fb7-9016-89342c95b8be,minecraft:turtle,true,Turtle,[null]
-37.78508972503714,63.0,379.56944990887655,fcb8c3c7-65d9-46ad-963c-9ff4c3d30874,minecraft:turtle,true,Turtle,[null]
46.93540505047037,63.0,114.43342460641924,e12b575c-4a0d-4738-9952-00438a0346ca,minecraft:turtle,true,Turtle,[null]
49.02802156886918,63.0,114.08292418048666,42e47826-b39d-4d81-8276-3af9efe153a9,minecraft:turtle,true,Turtle,[null]
-254.5,13.0625,288.5,a26f5f2c-5679-479c-a4cf-ed49cb15e110,minecraft:chest_minecart,true,Minecart with Chest,[null]
54.91465238946246,63.0,439.08526489992875,543bbc3c-3980-49cb-b483-7aa323c5fe3d,minecraft:turtle,true,Turtle,[null]
53.05906428509005,63.0,446.9563354678841,fa4dec02-4877-4559-9666-2fa4c588ef68,minecraft:turtle,true,Turtle,[null]
74.79998779296875,62.52286321729079,435.1178283691406,10b4fe2d-a722-4460-80e3-c3958628ec9b,minecraft:boat,true,Boat,[null]
73.5409684838005,62.0,440.5662612341197,35cd315a-480b-417c-a6f9-b7bb9e240283,minecraft:experience_orb,true,Experience Orb,[null]
-402.71554648281517,54.9369474877597,237.34349242277025,23d292b9-a15f-414d-978c-5301f850ee06,minecraft:turtle,true,Turtle,[null]
-390.4377112558455,51.14086690622478,189.0204835559753,e8035691-9a23-40e2-b068-17e302f05711,minecraft:turtle,true,Turtle,[null]
-434.0,63.0,198.93216326304048,638b5a58-6d93-4e16-a9ea-33c7573f6aac,minecraft:turtle,true,Turtle,[null]
-434.62375586077087,58.870428746034314,138.56591507283986,6fbde4f3-ee3b-4929-a0b0-f7e7ca5a10b2,minecraft:turtle,true,Turtle,[null]
-439.0770346892783,64.0,161.18847734861615,4ab14060-0870-4342-ae20-dce87d9aef38,minecraft:turtle,true,Turtle,[null]
-439.0699524372923,64.0,163.25999495654835,fdfd0b7e-5848-48d8-8999-ab60280eea3a,minecraft:turtle,true,Turtle,[null]
-177.52270612589928,35.46480370466152,47.31551261672537,f1328c35-a0f2-4d35-b071-3ca426ad149b,minecraft:drowned,true,Drowned,[null]
-179.48672983220544,37.92758814076982,57.34369553904069,fbc22fac-049d-4500-8460-91ee015a3322,minecraft:drowned,true,Drowned,[null]
-154.18533111561578,32.0,44.498219820823934,ef5eb060-7bda-4e56-a673-2818cf536071,minecraft:drowned,true,Drowned,[null]
-709.2432537341159,70.02442408821369,2048.804440732197,fd1c0ac1-c28c-34d4-b704-c35e6e3bfdc8,minecraft:player,true,wcy-hmcl,[null]
118.99874997138977,40.0,120.43339756357855,962ecb36-d41a-414b-9896-e46af7505fb1,minecraft:elder_guardian,true,Elder Guardian,[null]
134.16268068034273,40.0,168.9986743957428,2b05d58a-0031-43a4-9546-ebe5d52d3f6c,minecraft:elder_guardian,true,Elder Guardian,[null]
133.68718752301427,41.042635634122405,314.70237426342857,86069625-854b-4420-8f79-65c137cdf0ec,minecraft:trident,true,Trident,[null]
149.31220891904093,33.04309335283318,340.3882782327086,3435f95d-650d-460d-b8a2-3acacbc4dee3,minecraft:trident,true,Trident,[null]
159.6561169053459,33.041718440741946,347.5411669679301,c8a58675-bdef-41cc-bee7-74f29c048ced,minecraft:trident,true,Trident,[null]
158.77114730904827,33.04132984262186,346.29584243726686,a314d99c-c48b-42ac-a0f5-eaff9b5ea94a,minecraft:trident,true,Trident,[null]
158.32781277212376,33.04026718889908,346.42131493786405,21a013d0-e3b0-4260-83f4-2de06a212005,minecraft:trident,true,Trident,[null]
155.4302459968109,34.04338365259763,339.18735589746797,d6807872-67a6-4ad2-b356-ae930c9abd37,minecraft:trident,true,Trident,[null]
156.4674339740309,51.91307061416965,349.43292042782093,5357ae75-dc5d-4435-a108-771b3eebd61a,minecraft:drowned,true,Drowned,[null]
-281.76805477769904,35.0,460.1795024056408,5238c79d-466c-4d42-b525-4bf0e8a2d03a,minecraft:enderman,true,Enderman,[null]
-407.6799121611824,24.0,506.3248455821246,ed387556-4935-4454-8183-360113ae3077,minecraft:enderman,true,Enderman,[null]
-449.5,19.0625,1741.5,3f1a853f-07f4-498a-b85b-fa45d7404e0f,minecraft:chest_minecart,true,Minecart with Chest,[null]
-457.5,28.0625,1729.5,54890736-5c93-4f8a-8816-049bd20e48d8,minecraft:chest_minecart,true,Minecart with Chest,[null]
-550.5,13.0625,1813.5,655b72a3-090b-414c-8df7-c3c078719419,minecraft:chest_minecart,true,Minecart with Chest,[null]
-451.5,25.0625,1800.5,deefe129-9e7a-4596-b65c-903910e72c9f,minecraft:chest_minecart,true,Minecart with Chest,[null]
-550.5,13.0625,1831.5,9b04fe04-3feb-407c-8c00-b0f3b7f435ea,minecraft:chest_minecart,true,Minecart with Chest,[null]
-795.8716286521359,64.0,1808.4985009455256,165773ff-8f1e-4d8a-b5d8-d7f2ad98097f,minecraft:rabbit,true,Rabbit,[null]
-654.5909234352083,53.91686201771574,1895.986026637227,f413729d-0641-4e51-a856-7bfed6c2723c,minecraft:turtle,true,Turtle,[null]
-709.8067960590372,66.0,1922.7419837152127,7c2b513c-3bed-43dd-9ee4-253f61371b41,minecraft:cow,true,Cow,[null]
-695.6229108884703,65.0,1963.3813761690785,89feeb7d-d109-401b-bf52-2897de5eca92,minecraft:sheep,true,Sheep,[null]
-722.4396232306991,64.0,1944.035122261141,de364467-bedd-4d34-821f-05008bcc48ff,minecraft:sheep,true,Sheep,[null]
-721.4918528213506,68.0,1932.2109151087943,26040f70-2912-4f8a-aa9b-cd874c63bb79,minecraft:cow,true,Cow,[null]
-726.4328300983198,73.0,1971.7833286997572,954f1177-011a-4431-847e-cda88a1b2b60,minecraft:cow,true,Cow,[null]
-727.434051167393,74.0,1971.0962779237495,dc0f92ad-8964-4fff-986c-6a2bb5964be7,minecraft:cow,true,Cow,[null]
-731.5500000119209,69.0,1960.5468174430919,74759d53-ce13-4e4b-8055-3c2946f32efd,minecraft:cow,true,Cow,[null]
-727.5189129616701,73.0,1969.7714264559163,24dfbba9-70b7-420c-a240-632c3baac940,minecraft:cow,true,Cow,[null]
-754.397127281319,94.0,1962.5796164064122,041090e1-d21e-45fd-b588-ea30559ea3d3,minecraft:pig,true,Pig,[null]
-746.5500000119209,93.0,1961.8347767617659,f4392e2d-6e6b-4ea8-b228-847d67ee67ec,minecraft:pig,true,Pig,[null]
-579.440797972977,63.0,1970.1055842760748,ec72c578-09b5-43c4-b961-283867f8d458,minecraft:turtle,true,Turtle,[null]
-780.2379184826655,27.0,1961.315109065029,d3bd4db3-8028-49bb-b536-15553c9c3afc,minecraft:enderman,true,Enderman,[null]
-779.3102791894702,90.0,1961.4459239847893,79b2c90b-fbe7-41ca-8f9b-643352f323fd,minecraft:llama,true,Llama,[null]
-776.1939367900968,89.0,1959.180212255037,b71c5aa9-d716-429a-a4ea-dd93d257188c,minecraft:sheep,true,Sheep,[null]
-789.4994367496591,82.0,1959.2534327641702,c7361bb1-bf7b-484e-b8d7-a261fed8d7cd,minecraft:pig,true,Pig,[null]
-833.6571998618717,66.0,1942.6864417613451,17c7f0df-4066-4c07-8147-6af4dbc77d6c,minecraft:rabbit,true,Rabbit,[null]
-818.4374878962246,64.0,1950.1832825993404,e21d7a04-07ee-4a60-9054-3a014795e57b,minecraft:donkey,true,Donkey,[null]
-824.8941099458788,66.0,1946.0468687458322,79eb5fa4-c24e-4c5f-9b7a-9cb6d0d2677b,minecraft:chicken,true,Chicken,[null]
-652.5051537792547,66.0,1980.7470355042994,aee24e83-09fe-4c5f-a160-e836df76c09e,minecraft:pig,true,Pig,[null]
-722.4244874136053,68.0,1972.5846393404906,44b3177a-c610-4070-acbe-8933610da754,minecraft:chicken,true,Chicken,[null]
-661.1700491698494,66.0,1985.802752976875,aa38c25e-644c-4a7c-b75e-ae71ab0621b9,minecraft:horse,true,Horse,[null]
-673.5335807820016,65.0,1959.045839619847,80e60689-4768-4bf7-b7d6-741e0a8911fc,minecraft:sheep,true,Sheep,[null]
-638.3481802828147,64.0,1986.5129652711619,03ae370f-305a-471d-8703-c832af337d00,minecraft:pig,true,Pig,[null]
-646.1788211734366,65.0,1996.8491024481866,28629004-a777-431e-905d-0d9e972c4404,minecraft:pig,true,Pig,[null]
-664.0564774852209,66.0,1978.0106833899224,58dd3b65-2f86-4ec7-8c8d-dab62b554422,minecraft:cow,true,Cow,[null]
-666.7408231405799,65.0,1991.2717165277313,0b0718d6-5bcc-4c60-bb83-c53b9d3969b5,minecraft:sheep,true,Sheep,[null]
-739.7490788275235,93.0,1977.7499001092115,a4b5857f-15a1-453a-bd60-a9ac498cf299,minecraft:pig,true,Pig,[null]
-758.6003093767393,94.0,1973.7265468156336,1219154d-e7ac-488e-b340-ab7955fa031c,minecraft:sheep,true,Sheep,[null]
-761.3950493447342,93.0,1973.4480337202467,9c19103a-368b-4653-a9f2-56a4297fa33d,minecraft:sheep,true,Sheep,[null]
-786.4687221182676,89.0,1970.4793640661485,c46fac5c-1508-4784-bf4e-cb15c2978f04,minecraft:llama,true,Llama,[null]
-806.5654299702669,85.0,2000.9201608879557,5ff7f0c5-fc5d-4721-8c73-fcc15a933f86,minecraft:chicken,true,Chicken,[null]
-690.2307024446349,68.0,1992.1298077124502,29470a2d-8895-4f17-a2cf-b828908c1436,minecraft:pig,true,Pig,[null]
-727.5004410212188,71.0,1986.1975797745129,cbb45c3a-d31c-4774-9f10-a6321edd5ec9,minecraft:cow,true,Cow,[null]
-750.1261152707526,93.0,1995.798363773954,6478ddca-eb95-4102-9464-3da364e44021,minecraft:sheep,true,Sheep,[null]
-637.5283154275741,64.0,2012.2765253294724,5efe6d4f-a1ef-4482-a1a0-816833592fcc,minecraft:pig,true,Pig,[null]
-678.850502722945,68.0,2017.8512816010414,5c9409f8-cfab-44a2-9d7c-6bb318c07a73,minecraft:sheep,true,Sheep,[null]
-757.1951981260128,88.0,1995.816766430471,5b878c35-f701-4e8a-8227-0a5f6c4576db,minecraft:sheep,true,Sheep,[null]
-756.500671978242,95.0,1979.71761034069,f77f6613-02c3-4bc0-871e-b74c041b54a5,minecraft:chicken,true,Chicken,[null]
-663.6892625772149,67.0,2030.4706041367322,62f736d1-32a6-4ebd-bbfe-255566dcc74a,minecraft:pig,true,Pig,[null]
-716.6321931565943,69.0,2014.3672379536767,0a6aebc0-7486-40b2-9a2c-bc24111520ea,minecraft:horse,true,Horse,[null]
-735.8137267944197,70.0,2055.8116511808694,10178267-595d-41da-8ae5-0f75f69df910,minecraft:pig,true,Pig,[null]
-676.7487366284414,68.0,2032.4921512478322,7f1f22d6-70c1-4e76-bc05-481fd595b981,minecraft:pig,true,Pig,[null]
-681.1663071671926,68.0,2030.8390611016134,74a3a7d7-8f23-48af-8880-bb4ad5745b0b,minecraft:cow,true,Cow,[null]
-758.2390366031798,90.0,1998.8995683696162,e016ed5a-09d7-4427-9c76-b35cea64c4a6,minecraft:cow,true,Cow,[null]
-664.5055656881607,67.0,2033.362500011921,5bbf8d9a-533d-494a-9cc9-eb200ee44c80,minecraft:pig,true,Pig,[null]
-596.5331244889035,63.0,2040.487301595333,1bc930c1-76ca-49ec-91e7-4b4dffb4a0e1,minecraft:turtle,true,Turtle,[null]
-597.9695901177485,63.0,2042.0839505246388,f45f9f61-d078-4c9e-a8f3-64dac29011e5,minecraft:turtle,true,Turtle,[null]
-674.8536621779729,68.0,2033.8330383726345,47d9fa9f-96c9-40d2-9da6-99d13b5d45bd,minecraft:cow,true,Cow,[null]
-679.7773056439081,68.0,2029.5118791788377,287accdb-5cf0-4708-8464-3e7650d4b7b0,minecraft:pig,true,Pig,[null]
-809.5587992122814,71.0,2011.9935924103252,0ed050a3-f59d-457f-ba69-19bf959b1db7,minecraft:chicken,true,Chicken,[null]
-812.6557849141992,71.0,2010.4379468163368,51d2f2de-2672-4a5f-9f1e-f3e530609794,minecraft:chicken,true,Chicken,[null]
-742.7456332651401,68.0,2034.1847242808444,83198171-aac9-4c98-a1e3-481d1397b95e,minecraft:cow,true,Cow,[null]
-761.0054048295631,90.0,2014.2270735176019,3fc1f775-5742-472e-aeb9-a865dbfd0980,minecraft:horse,true,Horse,[null]
-766.1601430292023,88.0,2029.0929013221667,71699824-b505-4123-b7d3-380911abf303,minecraft:horse,true,Horse,[null]
-708.0371927836692,70.0,2034.0033300452615,defda926-46ba-4a49-860a-3a196b71b445,minecraft:villager,true,Farmer,[null]
-700.8317859672857,70.0,2041.14522771009,4b2db896-1ad6-4a27-9d15-04bf31891420,minecraft:villager,true,Farmer,[null]
-719.5124999880791,70.0,2053.300000011921,ccb175ad-5a2b-4827-b70e-c7e22a0b90b5,minecraft:villager,true,Leatherworker,[null]
-709.6999999880791,69.0,2050.450964519082,78f2457f-19a3-4a4b-9aa3-de9379637db4,minecraft:villager,true,Nitwit,[null]
-775.7081515206265,84.0,2043.9989327250296,bc7bc614-f1ed-45f3-9c75-f0c7287b6196,minecraft:horse,true,Horse,[null]
-774.479349260129,88.0,2036.2752556880187,05a7e55d-c09a-4b2e-81c9-df349450c355,minecraft:horse,true,Horse,[null]
-808.2837491423683,71.0,2012.5536128137471,ea00ef51-9e78-4c11-b977-09f61c22f6db,minecraft:chicken,true,Chicken,[null]
-719.539166161467,70.0,2034.7705281121523,0a56e849-9de9-43df-abf2-0d7395263d0c,minecraft:iron_golem,true,Iron Golem,[null]
-639.3964514880976,66.0,2078.269535201373,8e3524ed-948b-41af-9bbf-74dec8cdb5e6,minecraft:pig,true,Pig,[null]
-731.0362982703551,69.0,2058.9634017166704,fde20c04-6948-4957-94f6-b0d0aca0fa98,minecraft:cow,true,Cow,[null]
-736.8004483471439,69.0,2055.215790527854,a33060a5-0a8a-4739-b686-fdc4c5d29f4e,minecraft:cow,true,Cow,[null]
-721.5179916900528,70.0,2052.7331174652513,151f2966-42f7-4142-995e-e24a73bfe66b,minecraft:villager,true,Leatherworker,[null]
-795.6293505075162,70.0,2027.369457783203,b74ca400-aa37-4955-a761-740dd6b68501,minecraft:chicken,true,Chicken,[null]
-786.8088973041363,89.0,2045.8027250860719,9856a776-46a1-4ec9-ad1b-3dc9762cc934,minecraft:horse,true,Horse,[null]
-594.4043002907634,64.0,2064.6473436549377,f85a84e6-6454-4ff8-b82a-28a3ee21dca7,minecraft:cat,true,Cat,[null]
-650.0927082923364,68.0,2098.0927306169337,9c969307-4a40-4373-b97a-180093fc6acc,minecraft:sheep,true,Sheep,[null]
-629.143063715262,65.0,2053.337017045697,d785152a-a90c-4866-95a1-7090f08f6384,minecraft:pig,true,Pig,[null]
-693.0001316519719,68.0,2039.3077767797238,f772a450-7103-471b-a67e-1744c96ab26a,minecraft:pig,true,Pig,[null]
-749.1849906552533,69.0,2059.509683708016,263cce14-15dc-4d92-94b9-129c60e2a243,minecraft:cow,true,Cow,[null]
-795.5183491446732,90.0,2051.101730433537,6c5a91d2-bbd5-4506-a10a-30845153df73,minecraft:pig,true,Pig,[null]
-795.5039744271545,90.0,2057.4161020517145,d7ce869a-2bfa-46a7-afb4-60ebcb247fb3,minecraft:chicken,true,Chicken,[null]
-817.1885058222746,91.0,2053.4783018235385,52fd0e30-00b4-4a71-afbd-390382b81500,minecraft:cow,true,Cow,[null]
-814.393865002059,88.0,2057.4788872518134,86ac1f53-63c2-4384-8b9d-3acb9517a45b,minecraft:cow,true,Cow,[null]
-807.0974586606081,90.0,2059.1012633072246,f8c0e44e-3c26-432f-a77f-e7c888b012d3,minecraft:cow,true,Cow,[null]
-821.4105790211048,93.0,2050.6732836132774,f0e80aec-2064-4af8-88ee-22d8b375c8a5,minecraft:chicken,true,Chicken,[null]
-823.3446919248023,93.0,2050.5608743383864,eb23f198-5344-4401-8c77-02e4a8b90dd1,minecraft:cow,true,Cow,[null]
-632.0138119102088,61.0,2087.550000011921,c6068012-b0b5-4df3-a38d-82a04ee70b05,minecraft:pig,true,Pig,[null]
-645.8534774748902,64.0,2109.449999988079,459a50e9-1741-4bca-b87e-cdc80e7310d7,minecraft:pig,true,Pig,[null]
-628.5039350443632,65.0,2098.2075849355842,7aa2791f-81f7-41bb-84f1-f8faf44be503,minecraft:sheep,true,Sheep,[null]
-653.6956846401495,68.0,2077.491804178532,aebdadc0-35e6-4f27-8c26-067a2184782e,minecraft:pig,true,Pig,[null]
-618.7088764110739,64.0,2088.744699571269,d0a42ad4-4033-4be8-85f8-75c0f121b264,minecraft:pig,true,Pig,[null]
-657.7624524247103,68.0,2103.7120844440215,ec24ed13-c8b6-4e52-87a5-512b162953aa,minecraft:sheep,true,Sheep,[null]
-707.8268713201094,70.0,2059.8355028874807,758dd68d-bbeb-4616-ab02-3ab808a5d7d3,minecraft:pig,true,Pig,[null]
-683.6252972045907,67.0,2092.4647592136175,1bfb6b35-0b96-4700-b2a6-b6795de49436,minecraft:sheep,true,Sheep,[null]
-686.5001706513467,69.0,2078.2902231145645,b325cddc-5e9e-4ce0-8097-039d9d7eade4,minecraft:sheep,true,Sheep,[null]
-775.5,12.0625,2094.5,3052db2d-afbc-4faf-93b0-7665902bca18,minecraft:chest_minecart,true,Minecart with Chest,[null]
-779.2357620814677,69.0,2100.7664697312894,34b853a3-7c10-4bc5-8318-50703d887f8c,minecraft:pig,true,Pig,[null]
-783.919591541235,71.0,2069.8499251309627,1fdedd42-3b4f-4981-9349-8158736bfba7,minecraft:chicken,true,Chicken,[null]
-815.2120057152526,73.0,2072.500478095636,9b94b964-9344-4032-8b40-a0bc1d966417,minecraft:pig,true,Pig,[null]
-844.3749232393453,67.0,1957.673231228287,7ee1192f-da06-4930-8e5e-d2568c5344b3,minecraft:chicken,true,Chicken,[null]
-847.4104601007277,68.0,1969.3035317266772,20678b18-94ee-4fc6-8cd2-e2269471e3f0,minecraft:cow,true,Cow,[null]
-839.435826708019,75.0,1996.550000011921,3ac30c89-fab3-498a-93c3-c464ebfc4976,minecraft:cow,true,Cow,[null]
-845.1421744524212,75.0,2013.5271796525965,069181d3-8765-486f-a891-cd79729b49cc,minecraft:pig,true,Pig,[null]
-847.487299807016,74.0,2018.8486059159543,0302fd01-b4f8-4b38-85d9-d8919dfc8aa4,minecraft:pig,true,Pig,[null]
-841.0263963134679,90.0,2025.7414109544807,54017b06-a462-47ee-9090-11a75b673b58,minecraft:horse,true,Horse,[null]
-669.5786054465091,68.0,2066.7716476317637,9316a560-a5a9-4852-8d0c-eff49ab2f876,minecraft:cat,true,Cat,[null]
-694.4035829501072,72.0,2100.3169258329353,42b2d106-e7b6-4f03-947d-e2a3e3f6090e,minecraft:pig,true,Pig,[null]
-695.2240124025134,72.0,2099.519678269586,55273e8c-f899-41b1-8c44-3cbfcf38b21a,minecraft:pig,true,Pig,[null]
-697.200421258985,87.0,2107.805115800655,6fddfead-9197-499f-93f1-8a1e77f3a368,minecraft:pig,true,Pig,[null]
-647.2579149582942,67.0,2101.4995931816156,1d206134-9257-47d6-9cf4-751653e4799f,minecraft:sheep,true,Sheep,[null]
-736.4168302069284,71.0,2122.9440979309124,f5348961-12d5-4cf5-88ea-c1830854424e,minecraft:chicken,true,Chicken,[null]
-726.3376077597154,68.0,2099.337589843432,673a9c1e-f4e6-400b-a770-35ff4400a218,minecraft:chicken,true,Chicken,[null]
-732.1577638691822,72.0,2114.072155155679,9c330e6e-97b4-4d90-9e48-2bf456689cbf,minecraft:chicken,true,Chicken,[null]
-800.9901372289469,71.0,2091.616634337295,80d7df04-7a28-4619-8485-8b9dd0cab1df,minecraft:pig,true,Pig,[null]
-802.8724904460378,71.0,2092.550000011921,e0dd32c3-6f2b-4fa3-af61-df55ff893381,minecraft:pig,true,Pig,[null]
-802.0080460926964,71.0,2092.550000011921,2d6b0710-9f6c-42f6-b1aa-5d0f570f27dd,minecraft:pig,true,Pig,[null]
-757.4831572840753,70.0,2107.0067483266625,93760aee-fca6-4314-ab9d-281be28972a9,minecraft:horse,true,Horse,[null]
-779.7222603352183,67.0,2115.2805309770492,d5081a69-494e-4be4-b085-caef043b6947,minecraft:horse,true,Horse,[null]
-794.8555699484455,71.0,2106.5290475687602,c3ddd61b-e1c3-4295-bd9b-b6eafe4224b7,minecraft:pig,true,Pig,[null]
-763.2041810611396,71.0,2114.5684421325486,1def6f02-7148-4cd9-8648-cad8b8b7c440,minecraft:horse,true,Horse,[null]
-758.7975268582052,67.0,2124.2513015496706,7ef3cf4d-5c7b-4bc5-9b0b-6acf04dc817a,minecraft:pig,true,Pig,[null]
-750.0634845512543,71.0,2126.937611982882,422e9ff7-5482-49a1-b3e3-e94c3d74d503,minecraft:chicken,true,Chicken,[null]
-852.4952872265766,74.0,2023.2423964888783,176afe57-94a1-4613-be36-1947921ea562,minecraft:pig,true,Pig,[null]
-863.7685524617866,72.0,2025.4909747179115,b6fee917-1d2a-4ef3-a4f6-991c370923ab,minecraft:pig,true,Pig,[null]
-850.8865097819692,67.0,1951.113394896174,f0cfb95d-7d64-47da-b7db-0d836f457c0a,minecraft:chicken,true,Chicken,[null]
-859.7550089309261,88.0,2070.456309237942,d51f1a50-af89-4c60-91c6-daa79986b97b,minecraft:cow,true,Cow,[null]
-877.5027816653414,72.0,1976.5393808088443,61dcdac2-fb8b-4053-8527-3dd60c9be6d1,minecraft:rabbit,true,Rabbit,[null]
-868.850318714544,64.0,2084.4647150181436,6ac26fee-36fa-45d3-bddf-3190ad3b5ba9,minecraft:cow,true,Cow,[null]
-867.4748429234807,62.51287810143984,2088.6124311244284,4b1aed2e-c39e-4da8-870a-5e8512394d10,minecraft:cow,true,Cow,[null]
-907.8234302156349,57.002622727909234,2081.7246319502647,857b4598-ac77-418c-95a3-02bc8fedd197,minecraft:turtle,true,Turtle,[null]
-772.5,21.0625,2152.5,26c438fd-8077-4350-8502-d3b24b42eef3,minecraft:chest_minecart,true,Minecart with Chest,[null]
-786.7401520879685,63.0,2165.4511727818794,419dfeb8-1738-41b8-989d-50c17db70506,minecraft:pig,true,Pig,[null]
-838.1872560965334,64.0,2159.163960997806,87e86b2a-943f-4bd4-b2f2-2733a86e5795,minecraft:cow,true,Cow,[null]
-829.6874352502387,64.0,2155.308232237321,af848441-f693-410a-9d23-30117857267c,minecraft:cow,true,Cow,[null]
-840.496450250197,64.0,2164.0058133934353,442555fa-102d-4f42-8552-1d9a325bde75,minecraft:cow,true,Cow,[null]
-779.5,20.0625,2181.5,aab89914-44ff-4729-bedb-54a6a7f9ee16,minecraft:chest_minecart,true,Minecart with Chest,[null]
-821.2854662703314,64.0,2175.4885799163444,37435fa4-cde1-4de1-908b-478dd7124bf1,minecraft:cow,true,Cow,[null]
-684.8531398885891,53.0,2006.584541601789,1ed360df-2ff4-40af-bb2e-b5f7c8df6ce0,minecraft:zombie,true,Zombie,[null]
-922.9250199910933,54.385005008521716,2086.493046420971,e7d9d62a-91c7-44d2-8aa1-b33825d69135,minecraft:turtle,true,Turtle,[null]
-635.6554781923074,49.0,2088.438268753372,8f50c04b-277a-4d41-bd8d-d8cafb5c6de4,minecraft:zombie,true,Zombie,[null]
-632.4990384574229,52.0,2090.75,6af20fc5-f56b-453c-bc82-9313b257dc82,minecraft:bat,true,Bat,[null]
-615.5516003047118,58.44134928346186,2022.660596981069,f82c9338-f92d-4a77-ae65-284ac8f64cf3,minecraft:cod,true,Cod,[null]
-680.8508057845153,54.0,1999.8659225461818,86d9b762-f05f-4e7a-8a88-1c48fffa4b22,minecraft:creeper,true,Creeper,[null]
-732.6043615459254,32.10000002384186,2075.75,8b3026a6-680e-463b-92e6-9e5cb4999b3a,minecraft:bat,true,Bat,[null]
-708.5,23.0,2115.5,35e7a49a-b501-4f6a-b5fa-9325bc96a5e4,minecraft:zombie,true,Zombie,[null]
-486.0,71.0,2271.0,7a31b911-5ace-4e29-a692-04adbfb962a4,minecraft:pig,true,Pig,[null]
-487.0,71.0,2271.0,37614864-e0b2-49e0-be17-8de97d07c0de,minecraft:pig,true,Pig,[null]
-487.0,71.0,2271.0,0313959c-d1b1-4db7-acd4-f40ff600e309,minecraft:pig,true,Pig,[null]
-485.0,71.0,2271.0,bcfc0a6a-1f4f-4d39-ade3-9f7f232a4b93,minecraft:pig,true,Pig,[null]
-628.0000487193182,25.0,1971.9578585763563,e9bf2a66-f8f1-4c03-8095-e49abafb6c11,minecraft:spider,true,Spider,[null]
-688.4831227505322,51.0,2018.446617005348,23761d29-354e-41f6-bac7-0af277fa9a09,minecraft:zombie,true,Zombie,[null]
-701.5,61.0,2098.5,5c6c24ec-8c02-45a6-9236-9b5d8bd30b19,minecraft:creeper,true,Creeper,[null]
-627.2040573599352,14.0,2098.5699798979804,7a804ca2-1420-4a6a-8f57-77524ad664ec,minecraft:creeper,true,Creeper,[null]
-659.5,16.0,1989.5,c3e703e5-7ed3-4152-937b-bd2d087aef8e,minecraft:zombie,true,Zombie,[null]
-619.6407635815716,57.53760504455691,2121.3741517844796,c8cbbec6-7738-49cc-842b-5b77870a03f3,minecraft:cod,true,Cod,[null]
-620.6604150569347,60.48345129040846,2026.3871330573852,cfa3a09e-5361-47c1-8508-28974fcb7125,minecraft:cod,true,Cod,[null]
-730.5,26.0,2100.5,6e27344e-0c36-42d1-96bd-9fa6872fbdc0,minecraft:skeleton,true,Skeleton,[null]
-619.6341253253562,23.0,1983.3890178067775,3c1a45d4-1ca5-4e64-8352-04d08628fbbc,minecraft:zombie,true,Zombie,[null]
-621.516855920108,57.50179779335524,2120.500277098263,0661635a-7a27-428f-a0e8-8cdfe435eb61,minecraft:cod,true,Cod,[null]
-654.622364613704,14.100000023841858,2072.40210515034,96820dc5-843b-4e6f-b19c-9abd9aaf04d0,minecraft:bat,true,Bat,[null]
-614.6623484422272,60.913739545991916,2026.5236039963042,c84f935b-096f-4016-8318-1453b04f5cc8,minecraft:cod,true,Cod,[null]
-620.6280002634261,56.85113689819679,2121.3588679775553,e189a22e-75d9-48d3-82d3-89b67206c729,minecraft:cod,true,Cod,[null]
-706.7974699263124,32.0,2009.4414180297454,40dd61df-d92d-4e93-a2f9-1b315901336c,minecraft:creeper,true,Creeper,[null]
-757.2240119556668,23.0,2027.548769729197,16312ea4-bda2-432c-b148-3c48d0888c1b,minecraft:zombie,true,Zombie,[null]
-669.5,58.0,1969.5,97bfb45b-4a97-48f0-8d7d-0030ccfa8eb1,minecraft:skeleton,true,Skeleton,[null]
-675.6436455812869,55.0,1977.202557070953,cca0ef3b-6ddc-4441-b477-b9e1cc91f786,minecraft:skeleton,true,Skeleton,[null]
-621.2703535710111,59.54022073138708,2025.7009892758588,9e2f516f-33d5-43cc-b439-ac35d83b1ea0,minecraft:cod,true,Cod,[null]
-656.5,16.0,1997.5,fb7c34a1-b74f-4f89-a5ab-12cfa045b875,minecraft:creeper,true,Creeper,[null]
-744.5,23.0,2097.5,12768fd7-3886-425f-aad1-07e44b46cdf4,minecraft:enderman,true,Enderman,[null]
-752.1651763202725,34.0,2003.5422401887167,94d5880a-c558-4f99-929c-96e791a4153a,minecraft:creeper,true,Creeper,[null]
-646.5,15.0,2095.5,a28fa6b8-49c2-4c41-bc2a-a5ae33cc8c6d,minecraft:zombie,true,Zombie,[null]
-693.2198110320099,50.0,2003.0014207338006,27e03482-aac7-4366-9245-17ef00456595,minecraft:spider,true,Spider,[null]
-717.5001874032962,52.0,2109.300000011921,f49fec97-7b4e-4d93-8963-a1a97df0e8db,minecraft:skeleton,true,Skeleton,[null]
-615.5240200865082,62.732478466013454,2120.8840087419376,7410d1d9-3438-4c93-ac4d-cf6ca7d0d813,minecraft:squid,true,Squid,[null]
-622.4083782441405,14.0,1985.3254907755875,5802125d-ba29-44dc-a446-39406c0cdd1e,minecraft:bat,true,Bat,[null]
-624.3739508662838,61.039238394238055,1965.013981898781,abe94dbf-cbf8-47a6-8e22-e745d7a16091,minecraft:squid,true,Squid,[null]
-689.5,53.0,2006.26873557621,60e674d0-7601-4eb1-bbe4-545e3747cf23,minecraft:skeleton,true,Skeleton,[null]
-753.25,13.0,2050.699999999255,33a7bb04-b28f-482e-92d3-832fb847b57a,minecraft:bat,true,Bat,[null]
-705.6223301362248,43.0,2119.630040779328,dd0bc276-5a2f-40db-a256-3805fe6accb3,minecraft:bat,true,Bat,[null]
-736.78570940414,62.0,2081.2594039460305,3e514493-55e5-4883-ac6f-757b5523c0d1,minecraft:skeleton,true,Skeleton,[null]
-741.1772380960792,65.0,2089.587013732493,b7e2d8a8-fe89-4274-aee6-36d61f4914bd,minecraft:zombie,true,Zombie,[null]
-714.5943856360391,52.82422797032632,2136.4000000059605,db42b348-d815-4725-bdb3-99ab94e4eaba,minecraft:squid,true,Squid,[null]
-747.5,52.0,2035.7504422094141,9949752e-490a-482c-8494-4698d8e3d74f,minecraft:skeleton,true,Skeleton,[null]
-761.4576719973875,36.0,2005.3808251336318,978e485b-9af5-4978-a92a-9840ecd8685f,minecraft:bat,true,Bat,[null]
-730.0539711484785,18.230272575462216,1980.0292612052087,955d5c24-3434-4e6d-aa66-baa4d75c8a4b,minecraft:bat,true,Bat,[null]
-636.5201581672646,42.0,2115.2640964353236,03283916-abcc-4bb3-966a-d7bef98024fe,minecraft:skeleton,true,Skeleton,[null]
-608.5441914879171,16.0,2010.7818155533819,fed9f9d6-e760-421a-ba11-b1f410eba954,minecraft:skeleton,true,Skeleton,[null]
-647.7415315058896,23.0,1989.4920427382608,7e9cbc92-922b-4a6d-a298-1e79348cfda0,minecraft:skeleton,true,Skeleton,[null]
-635.5033268809191,19.0,2111.515910964652,037580b0-d6fd-412e-a1e3-0e738d9dee38,minecraft:bat,true,Bat,[null]
-759.5,79.0,1990.5,06027ccb-5341-4ea2-bfaa-71a18f745738,minecraft:skeleton,true,Skeleton,[null]
-652.5,33.0,1987.5,841c755b-8448-4c74-becb-c4389f5f96ed,minecraft:zombie,true,Zombie,[null]
-692.5,51.0,2005.5,6eb51a65-38e3-46a3-a013-1ad044eca8cd,minecraft:creeper,true,Creeper,[null]
-637.5,16.0,1986.5,0a1cd38a-cb6a-4539-b562-e8666659948c,minecraft:skeleton,true,Skeleton,[null]
-695.2359395879573,49.0,2003.5555954879844,19cdebe0-4560-4a83-b15e-546bc35b75e8,minecraft:skeleton,true,Skeleton,[null]
-639.4270203683927,24.0,1983.7228171043473,bda823ce-91e7-430e-9253-c4a4906b82d9,minecraft:skeleton,true,Skeleton,[null]
-621.4875004884707,23.0,2127.2356739792476,3f7b8623-91e2-4478-a155-64ecf382c98d,minecraft:zombie,true,Zombie,[null]
-711.2232631397195,17.366692597359535,1941.9612864447338,802a3a09-c901-4fc5-b78b-3614eaf95772,minecraft:bat,true,Bat,[null]
-691.5,58.0,2114.5,38477851-07a3-46f4-9bae-8282d3e241e0,minecraft:skeleton,true,Skeleton,[null]
-730.1636323264528,22.0,2105.7789659126283,97f5cb3a-05c1-485d-8ab4-84eda71f63d7,minecraft:zombie,true,Zombie,[null]
-744.21100114411,14.0,1996.0950290294622,3424085e-4459-43f5-9304-3e6624e5e8fc,minecraft:bat,true,Bat,[null]
-620.4981532616855,59.94323899113932,2025.7981837764528,8eeb17fb-6a08-47e8-9ed4-54b14cee6d85,minecraft:cod,true,Cod,[null]
-617.5372193663321,60.86034000336992,2033.435048583726,38509a91-3275-4b77-b51f-1d3a5960d292,minecraft:cod,true,Cod,[null]
-617.6469814211463,60.05541808970691,2032.3530178388346,1643179a-74e4-40e3-9041-40dd08a1026a,minecraft:cod,true,Cod,[null]
-620.2593844374189,60.127315142830824,2024.9520187709911,d2c177c8-93bb-4666-b857-a961e8aee7f5,minecraft:cod,true,Cod,[null]
-616.6648250645915,57.972693142179494,2027.131054125923,9f800871-e5e3-4e45-9bc8-f29d2a67ae14,minecraft:cod,true,Cod,[null]
-616.0774079348898,58.44097937347686,2028.5331199774612,1d631fe3-f710-4c92-adb3-0e26b5c47a06,minecraft:cod,true,Cod,[null]
-616.418616164097,58.49901594269087,2027.5403287306365,11986f7a-cd04-4f20-81a0-01282b73e6e9,minecraft:cod,true,Cod,[null]
-615.6444903957627,58.05264237491863,2028.6273327173672,7cce98cc-810d-470f-b3d0-4d6d299e9d5d,minecraft:cod,true,Cod,[null]
-616.1734089998777,58.14324587428245,2027.8742517479332,d281d7ef-a993-494d-a60f-faf68d1792d3,minecraft:cod,true,Cod,[null]
-631.2004817449501,55.0,2101.5179377673953,63e8a72f-a852-4d51-8fc4-46f11777dd8c,minecraft:zombie,true,Zombie,[null]
-649.4442533249678,17.0,1959.2034602137373,8675bf7b-1528-4779-b5e7-73be7e9d4f51,minecraft:creeper,true,Creeper,[null]
-724.5,26.0,2119.5,dd4fe9a6-3930-4d8b-a1df-265bf5c73f58,minecraft:spider,true,Spider,[null]
-719.3249999880791,27.100000023841858,2118.0897011699863,ceba7ba0-975a-485e-85ef-9a7c1b80ae39,minecraft:spider,true,Spider,[null]
-616.3303113735703,57.97239370215855,2028.423969302538,2491cf6d-b42c-4d57-828a-70f5937109c9,minecraft:cod,true,Cod,[null]
-687.5,33.0,2013.5,61bc2d28-e9a4-4355-be94-2a8584cad445,minecraft:creeper,true,Creeper,[null]
-640.2657276291665,13.0,2081.213875008031,86c3d8f5-d414-41e8-a67b-fad923206dbe,minecraft:zombie,true,Zombie,[null]
-650.5,33.0,1989.5,df216fc1-10d8-4602-8195-b66c5a74aad7,minecraft:skeleton,true,Skeleton,[null]
-626.5,24.0,1969.5,4c23a2b2-a014-42cc-8071-96b37f2a57e6,minecraft:creeper,true,Creeper,[null]
-731.5,52.0,2104.5,3f378455-8720-4c03-a86d-42935965ff4d,minecraft:creeper,true,Creeper,[null]
-612.5,56.47000000000075,2021.5,a76c5544-ad2f-4c8b-9cb4-a92f8906816b,minecraft:cod,true,Cod,[null]
-620.5,14.0,2111.5,596c92fa-016e-4f12-9fbd-2fbf7232ce51,minecraft:creeper,true,Creeper,[null]
-714.5,30.0,1940.5,89290fd7-cf02-4def-a62b-2940e8a48517,minecraft:skeleton,true,Skeleton,[null]
-677.5,65.0,1947.5,64e55399-37d1-48b5-ac1e-57be8965ea8b,minecraft:creeper,true,Creeper,[null]
-602.5326317253089,55.08064078034901,2028.3025171076695,fb34fbc7-80fa-433d-81a5-16ad9955af3a,minecraft:cod,true,Cod,[null]
-739.8238507046741,62.513915700258806,2078.305819927997,fd852393-ae6c-4800-b697-4acf425e78cc,minecraft:bat,true,Bat,[null]
-677.1794127188296,69.0,2055.6055011988756,bfc19f33-21e2-4dba-8031-c1fa4895fd57,minecraft:spider,true,Spider,[null]
-642.5039940756134,19.0,2128.7810796301496,3ab41cb8-a208-4b4d-84fb-994314f3f4b8,minecraft:skeleton,true,Skeleton,[null]
-614.1443929522052,64.0,1993.7761760554015,b4fb70c0-6cac-44dc-8cb8-d1a9755f2b7f,minecraft:creeper,true,Creeper,[null]
-754.5,61.0,2084.5,752cdd23-ddac-4d6b-9adb-98e10b2815e9,minecraft:spider,true,Spider,[null]
-764.6656828492346,89.0,1998.3343326424622,c04149a7-bba0-4325-af12-f3d011ef9ccd,minecraft:zombie,true,Zombie,[null]
-619.4789215391864,25.0,1986.289703026503,23f899cf-4940-457d-b057-af6b4df59281,minecraft:skeleton,true,Skeleton,[null]
-780.5,62.0,1964.5,4fda464b-dd83-43b4-be47-872697494ff4,minecraft:skeleton,true,Skeleton,[null]
-605.5071171900046,25.0699677867771,2075.808584054272,aaa4fa50-a111-44ab-a8d2-b9eab5bdc412,minecraft:bat,true,Bat,[null]
-660.4736122862604,68.0,2090.78952977699,fa322418-d890-4c3a-84cc-38dbb038913d,minecraft:spider,true,Spider,[null]
-630.5,63.0,2111.5,33f3eada-43ec-495b-aa68-c282b2f28a8e,minecraft:zombie,true,Zombie,[null]
-784.4789808928045,61.0,1957.8575604759712,6e2b0eb7-09e2-425f-a8c0-3a22906b65bd,minecraft:creeper,true,Creeper,[null]
-748.5999290748028,30.0,2010.1199140098238,948e6917-6a89-423a-908c-78aba7f1cd51,minecraft:skeleton,true,Skeleton,[null]
-676.5,67.0,1997.5,3105e21b-0798-494a-be3c-15a7f69691d7,minecraft:spider,true,Spider,[null]
-696.8455878954153,66.0,1977.7574716221227,1f9c8b08-f759-4822-a10b-d5d646bbada7,minecraft:spider,true,Spider,[null]
-696.3678863268512,66.0,1978.7384335821514,e49e74f4-698b-43d5-a15d-3c5a757f0f07,minecraft:skeleton,true,Skeleton,[null]
-717.9163927934349,66.0,1988.024928244952,b815d08b-2b40-4840-a390-af1844a26035,minecraft:enderman,true,Enderman,[null]
-774.5,71.0,2073.5,27150545-b805-4bed-ae53-c04b8f5b2adf,minecraft:creeper,true,Creeper,[null]
-626.5,64.0,2002.5,e10e4fad-5a9b-4338-bba8-d4f9d64a08f7,minecraft:skeleton,true,Skeleton,[null]
-692.5,20.0,2118.5,f547fd90-7c17-451c-96de-9626796041a6,minecraft:spider,true,Spider,[null]
-586.978104791604,62.08479283191264,2023.0470813177526,77ad72f9-2a08-4e87-8158-d97cadc564bf,minecraft:squid,true,Squid,[null]
-606.8735645022243,49.981223843060434,2017.7786687829066,01fc1dca-83f0-4408-b32c-09802c7998f7,minecraft:squid,true,Squid,[null]
-752.6122068500989,41.050383620974415,1941.199999999255,2011acae-c0d0-4c4f-bfc0-6f4c44dbd212,minecraft:bat,true,Bat,[null]
-706.5,19.0,1944.5,cc7398c9-a006-4945-9643-5fa7a8aaf0ed,minecraft:skeleton,true,Skeleton,[null]
-776.5,23.0,2075.5,fe8a6a78-0890-40c5-af38-4091446c3ddf,minecraft:skeleton,true,Skeleton,[null]
-621.4499999992549,17.027663999097108,1985.550000000745,7f780b6b-6ced-4a42-819e-0dfad2f2af27,minecraft:bat,true,Bat,[null]
