x,y,z,type
-237,18,283,minecraft:mob_spawner
-223,27,283,minecraft:mob_spawner
-400,13,470,minecraft:mob_spawner
-490,22,1728,minecraft:mob_spawner
-450,18,1756,minecraft:mob_spawner
-559,16,1795,minecraft:mob_spawner
-533,12,1820,minecraft:mob_spawner
-776,33,1913,minecraft:mob_spawner
-759,40,1920,minecraft:mob_spawner
-751,40,1943,minecraft:mob_spawner
-652,66,2035,minecraft:smoker
-668,67,2035,minecraft:smoker
-716,72,2044,minecraft:bell
-587,26,2126,minecraft:mob_spawner
-828,22,2134,minecraft:mob_spawner
-776,20,2161,minecraft:mob_spawner
-492,44,2268,minecraft:mob_spawner
