x,y,z,uuid,type,alive,display_name,custom_name
-155.5111668460572,37.0,-146.48987168955603,1a63a0fa-8117-4393-97e6-e6aab3b95e78,minecraft:piglin_brute,true,Piglin Brute,[null]
-158.57342801530302,37.0,-148.65646864677643,56f488f8-6277-4646-bba9-22e09b1ca782,minecraft:piglin,true,Piglin,[null]
-153.65646864677643,42.0,-153.42657198469698,68697d4f-24b6-44a8-859b-26bd9c2b6aa8,minecraft:piglin,true,Piglin,[null]
-152.46887144474232,49.0,-148.47278205923618,24e547da-14f2-48ef-bbda-4d98f0869d57,minecraft:piglin,true,Piglin,[null]
-34.321817559334505,31.5,-53.381333441918414,25562311-d4d3-4183-a5a2-16cd826c128c,minecraft:strider,true,Strider,[null]
-1.4894294715578418,31.5,120.513965960226,aef7d241-a41f-415a-bb99-1dd1ba59b954,minecraft:strider,true,Strider,[null]
-24.343531353223554,60.0,-159.57342801530302,0c78d415-7135-4e4b-9eb7-56b2dc8adb52,minecraft:piglin,true,Piglin,[null]
-137.8217091293116,54.0,64.53621778103785,87221a61-8c77-4805-9e5f-32a8dffac8b7,minecraft:piglin,true,Piglin,[null]
-139.47278755057363,41.0,58.0676542372982,d0e177c2-ce4b-4acf-9603-3cefb1ffce66,minecraft:piglin_brute,true,Piglin Brute,[null]
-131.8528181656773,67.0,64.5158620520866,39764a85-e519-4f6c-a85e-fbb8d955839f,minecraft:piglin,true,Piglin,[null]
112.85822127342304,31.5,153.0522316238207,adba1240-d4f3-44d9-8c20-5667a2131dcd,minecraft:strider,true,Strider,[null]
112.85822127342304,33.15000004768372,153.0522316238207,af748df7-a19f-41f8-9a2f-a88aeb693101,minecraft:strider,true,Strider,[null]
-158.65646864677643,59.0,59.57342801530303,12afbe51-aff3-4bfa-afe1-8963c40133e9,minecraft:piglin,true,Piglin,[null]
-159.65646864677643,59.0,54.57342801530303,7cedb195-0930-431c-ba37-77b35d248f0d,minecraft:piglin,true,Piglin,[null]
-159.4888331539428,58.0,52.48987168955604,6765c536-fd2a-493b-a054-231b213a6d9e,minecraft:piglin_brute,true,Piglin Brute,[null]
-159.48987168955603,67.0,56.51116684605721,cf6b1525-8e42-49a2-8f07-e079088c44c3,minecraft:piglin_brute,true,Piglin Brute,[null]
-158.07341138458528,67.0,53.86058703375994,6d0b4375-e0d6-4f5b-900c-a4212b90556d,minecraft:hoglin,true,Hoglin,[null]
-158.52721794076382,67.0,60.531128555257695,b05699a7-22d8-47ef-abb2-2ec10465dfdc,minecraft:piglin,true,Piglin,[null]
-158.53112855525768,67.0,58.472782059236174,79a37369-8a3d-4623-a68a-3779c4d5ef46,minecraft:piglin,true,Piglin,[null]
-157.65646864677643,68.0,63.57342801530303,d0ee4343-905a-4ab6-a181-fae87919135e,minecraft:piglin,true,Piglin,[null]
-159.92658861541472,68.0,62.13941296624006,3c38feda-c44f-4dda-a248-1a5aa89b0afe,minecraft:hoglin,true,Hoglin,[null]
-147.4888331539428,81.0,60.48987168955604,d2404e84-e43d-4a60-b930-a1fec98847ea,minecraft:piglin_brute,true,Piglin Brute,[null]
-147.42657198469698,80.0,59.656468646776446,63a0bab3-2d0e-49e3-a290-387ccacfaf1f,minecraft:piglin,true,Piglin,[null]
-147.57342801530302,80.0,55.343531353223554,98d89936-395b-499a-beb4-29e28679fff6,minecraft:piglin,true,Piglin,[null]
-149.34353135322357,84.0,57.42657198469697,694b6809-e903-482b-bd31-845a01c1b41b,minecraft:piglin,true,Piglin,[null]
-156.57342801530302,58.0,43.343531353223554,fda7162e-4a2f-4f95-b39f-3cf1e71256f1,minecraft:piglin,true,Piglin,[null]
36.618995075935906,31.5,160.01522866635347,28ff76cb-8462-4cb9-bef8-95f6604f3fa2,minecraft:strider,true,Strider,[null]
109.0,31.0,170.0,c0314c36-ecf3-476b-aeea-2ae94d7662f1,minecraft:strider,true,Strider,[null]
142.93602679797624,31.5,160.03971717432864,d6c400f2-3619-4815-896b-25007dec4578,minecraft:strider,true,Strider,[null]
173.0,31.0,46.0,38ade2fd-9627-4ebf-b0be-5326775b9f37,minecraft:strider,true,Strider,[null]
-170.57342801530302,37.0,-139.65646864677643,93448098-da14-406a-a51c-5028ec6dea06,minecraft:piglin,true,Piglin,[null]
-166.4888331539428,42.0,-136.51012831044397,7fdc1cef-3dc1-4e7d-a755-45cca6fd9282,minecraft:piglin_brute,true,Piglin Brute,[null]
-171.53112855525768,49.0,-142.52721794076382,14e00b90-a4a2-4be8-adf0-cc991a7b71ea,minecraft:piglin,true,Piglin,[null]
-169.46887144474232,35.0,-160.47278205923618,7c0451e7-130f-41c9-a3ef-ccb37ed73792,minecraft:piglin,true,Piglin,[null]
-172.42657198469698,42.0,-165.34353135322357,38bbf194-2c48-4385-acb4-0c9a5949764c,minecraft:piglin,true,Piglin,[null]
-172.48987168955603,42.0,-171.4888331539428,61a2d942-2ce1-4749-8b1b-339f642e7413,minecraft:piglin_brute,true,Piglin Brute,[null]
-167.4888331539428,49.0,-166.51012831044397,4998095f-6022-4fc5-b87c-bb848b54524f,minecraft:piglin_brute,true,Piglin Brute,[null]
-162.57342801530302,58.0,50.343531353223554,6a01ceb4-a1ac-4c52-a842-28109ea40f87,minecraft:piglin,true,Piglin,[null]
-161.65646864677643,58.0,53.57342801530303,3c890811-639d-4251-90e7-bc57c9e5ce60,minecraft:piglin,true,Piglin,[null]
-171.57342801530302,73.0,52.343531353223554,cd0925c0-137c-497d-bba8-8a13c9fbbb35,minecraft:piglin,true,Piglin,[null]
-171.47278205923618,73.0,50.468871444742305,7216e9e1-0ba9-4fc4-b034-0f89da40278a,minecraft:piglin,true,Piglin,[null]
-170.47278205923618,73.0,58.468871444742305,b3d46bed-863b-455b-ba82-cf472c6c814c,minecraft:piglin,true,Piglin,[null]
-171.46887144474232,74.0,60.527217940763826,5abb58ee-75ed-4835-a233-03d4dbd965a3,minecraft:piglin,true,Piglin,[null]
-162.42657198469698,67.0,55.656468646776446,200b72b2-0103-4879-89a0-0118722586ab,minecraft:piglin,true,Piglin,[null]
-126.0,31.0,181.0,6f6ec5d2-7ae3-41f6-9ca4-2506447d0196,minecraft:strider,true,Strider,[null]
-125.0,31.0,181.0,204123ca-22e7-4770-9087-c8513002b4fa,minecraft:strider,true,Strider,[null]
-21.527217940763826,62.0,-160.46887144474232,5f1bb93d-fd1d-4321-a21c-5eb7ccdee00c,minecraft:piglin,true,Piglin,[null]
-1.4688714447423052,58.0,-170.47278205923618,6e8b3e3d-5092-4e4e-a9e5-d74a5bdba5d6,minecraft:piglin,true,Piglin,[null]
-2.5311285552576948,58.0,-173.52721794076382,a9e2d4dd-a6e3-4c91-b7be-5c6559f9e079,minecraft:piglin,true,Piglin,[null]
-11.472782059236174,73.0,-173.53112855525768,341c57f7-f2be-4815-a9b0-4975597dcf90,minecraft:piglin,true,Piglin,[null]
-11.343531353223554,74.0,-163.57342801530302,87901c66-8c87-4503-8324-f58004dd2320,minecraft:piglin,true,Piglin,[null]
-11.468871444742305,73.0,-171.47278205923618,ae48a714-37a9-4a84-810d-abd9fdcc5ee2,minecraft:piglin,true,Piglin,[null]
-0.8605870337599413,68.0,-162.07341138458528,8a469348-daed-4344-8b9b-07ba51261579,minecraft:hoglin,true,Hoglin,[null]
-2.472782059236173,67.0,-168.53112855525768,41e0f30f-ec2d-44dc-be78-a177fa3281dd,minecraft:piglin,true,Piglin,[null]
1.4688714447423052,59.0,-173.52721794076382,25c00b8d-4443-4839-a7ce-484dd5542a3d,minecraft:piglin,true,Piglin,[null]
0.5311285552576948,58.0,-167.47278205923618,d8ecf456-8efe-476c-8ada-23f7dc586c36,minecraft:piglin,true,Piglin,[null]
0.5272179407638271,59.0,-169.53112855525768,43ea40e1-4b13-4877-8df5-1ecddc324101,minecraft:piglin,true,Piglin,[null]
1.656468646776446,59.0,-164.57342801530302,e118d003-67a3-4c41-8f8c-618992b31c4e,minecraft:piglin,true,Piglin,[null]
0.46887144474230524,58.0,-171.52721794076382,65c9979b-faff-4255-a2f7-310e347f74c1,minecraft:piglin,true,Piglin,[null]
1.5311285552576948,67.0,-163.47278205923618,39dd2b4f-0ed2-48f1-901c-b5e05cc8bc32,minecraft:piglin,true,Piglin,[null]
2.4688714447423052,68.0,-160.52721794076382,cc134836-d4d0-4a34-b4d6-98cc798ef22a,minecraft:piglin,true,Piglin,[null]
0.5734280153030316,67.0,-167.34353135322357,43781478-4692-4c74-a885-9f77c371427f,minecraft:piglin,true,Piglin,[null]
1.5311285552576948,67.0,-165.47278205923618,a68eaec2-821f-4259-95ba-eecfb2ebc1fe,minecraft:piglin,true,Piglin,[null]
12.51012831044396,81.0,-163.4888331539428,14ec67cd-16b3-4f6f-9509-1f3f38f13e69,minecraft:piglin_brute,true,Piglin Brute,[null]
12.656468646776446,80.0,-164.57342801530302,5385cad6-1d3f-4c9e-9b72-d9a6abe2fcb6,minecraft:piglin,true,Piglin,[null]
10.51012831044396,84.0,-166.4888331539428,d3bcb04a-bb16-47d8-bb33-4167ccc5df18,minecraft:piglin_brute,true,Piglin Brute,[null]
12.472782059236174,80.0,-168.46887144474232,139b5cfc-fccb-40bc-ad3f-f57fac5bb1e2,minecraft:piglin,true,Piglin,[null]
0.343531353223554,85.0,-168.42657198469698,fdae5fa3-54e3-4d0e-a923-7806ddee6195,minecraft:piglin,true,Piglin,[null]
26.531128555257695,61.0,-160.47278205923618,cd368963-ce6d-4044-92d6-4cb0a100f352,minecraft:piglin,true,Piglin,[null]
23.531128555257695,74.0,-164.47278205923618,f1f974fa-1b21-4baa-96be-d9cecc1a77ad,minecraft:piglin,true,Piglin,[null]
27.48987168955604,76.0,-170.5111668460572,5d1db193-8e0e-48a1-af0f-b5115dbbe2ed,minecraft:piglin_brute,true,Piglin Brute,[null]
21.42657198469697,74.0,-165.65646864677643,5daa2578-170b-4d32-a119-0755008c9063,minecraft:piglin,true,Piglin,[null]
26.48987168955604,74.0,-166.5111668460572,3d942351-9609-401b-b2c6-024d6e35f50a,minecraft:piglin_brute,true,Piglin Brute,[null]
25.57342801530303,74.0,-165.34353135322357,3d18109f-c6d5-40e0-abba-0e041edc0323,minecraft:piglin,true,Piglin,[null]
187.0,31.0,-134.0,35ed90cf-a016-4b7f-b228-bb1d4e339498,minecraft:strider,true,Strider,[null]
191.0,31.0,59.0,81970525-4f6f-496d-8a79-6de10e7cc3f9,minecraft:strider,true,Strider,[null]
