x,y,z,uuid,type,alive,display_name,custom_name
-12.5,89.0,39.5,ab2ac461-b972-47a8-ba64-1012c39717af,minecraft:end_crystal,true,End Crystal,[null]
-12.5,104.0,-39.5,ad854c2d-d1bd-469f-90aa-5671924451b6,minecraft:end_crystal,true,End Crystal,[null]
12.5,83.0,39.5,b6369a09-773b-4398-908c-de882c5eb562,minecraft:end_crystal,true,End Crystal,[null]
-33.5,86.0,-24.5,5f6484c0-d173-443f-bea9-95556cb66c72,minecraft:end_crystal,true,End Crystal,[null]
-41.5,98.0,-0.5,465d8384-67ed-4cb8-b8bc-0fb7b094c99e,minecraft:end_crystal,true,End Crystal,[null]
-33.5,95.0,24.5,c8a9fbfd-77b1-459f-804c-4f97c7e64e70,minecraft:end_crystal,true,End Crystal,[null]
12.5,101.0,-39.5,34b4aa89-5be2-47aa-9859-10df0481508a,minecraft:end_crystal,true,End Crystal,[null]
42.5,80.0,0.5,cdb216b4-1a34-4601-aded-11e0347f8568,minecraft:end_crystal,true,End Crystal,[null]
33.5,77.0,24.5,9db720dd-0f1c-4480-944d-ba9cd4e36b80,minecraft:end_crystal,true,End Crystal,[null]
33.5,92.0,-24.5,9b0f7142-f48d-48f8-9818-9be5c3467607,minecraft:end_crystal,true,End Crystal,[null]
